{
   "cells":[
      {
         "columnId":3824804246644612,
         "value":"<IP>"
      },
      {
         "columnId":1010054479538052,
         "value":"<DATE>"
      },
      {
         "columnId":8372800950953860,
         "value":"<LOADTINGTIME>"
      },
      {
         "columnId":3261854293223300,
         "value":"<STATUS>"
      },
      {
         "columnId":7765453920593796,
         "value":"13:44:45.855"
      },
      {
         "columnId":1054451556476804,
         "value":"29.645"
      }
   ]
}